{"Temperature": 146, "FuelLevel": 0, "Elapsedtime": 62386, "BSA_state": 3, "Latitude": 30.621030166666667, "longitude": 32.2689985, "No": 179, "timestamps": 1700236388036}